Company Name,Website,City / Location,Segment,What They Make,Revenue Band (Rs. Cr),Decision-Maker,C1 Manufacturer,C2 India,C3 Differentiated,C4 Technical DM,C5 Growing Sector,C6 Active Growth Signals,Overall Verdict,Personalization Hook,Pass/Fail
Sanzyme Private Limited,sanzyme.com,Hyderabad (Genome Valley & Banjara Hills),Specialty biotech — fermentation & probiotics,"Gonadotropins (HCG/hMG) via human-urine extraction, probiotic contract manufacturing; EU-GMP and PIC/S-accredited 10M vial/yr capacity",100–300,Raunak Jay Soman (MD) + Kompella Prasad (Director) — promoter-led family with deep fermentation legacy,"Strong — EU-GMP & PIC/S manufacturing facility in Genome Valley; in-house fermentation for gonadotropins","Strong — Hyderabad HQ, manufacturing operational in Genome Valley","Strong — EU GMP + PIC/S accreditation; only Indian manufacturer of human-derived gonadotropins at this scale; proprietary strains (SNZ series in sister company)","Moderate — family-led promoter; pharmaceutical science background inferred from domain; no IIT/PhD publicly cited","Strong — reproductive health biologics, China+1 supply shift for gonadotropins; fermentation a government priority sector","Strong — delinked from Daiichi Sankyo in 2011 and has been building independently; 30+ country export footprint; website updated 2024","Strong Fit — textbook Federer: promoter-led, export-growing biologics manufacturer, highly differentiated product (gonadotropins few Indian competitors)","India's only integrated EU GMP + PIC/S manufacturer of human-derived gonadotropins — a niche with near-zero domestic competition",PASS
Unique Biotech Limited,uniquebiotech.com,Hyderabad (Genome Valley),Specialty biotech — probiotics & fermentation,"Probiotic strains (Bacillus coagulans, Lactobacillus, Bifidobacteria, Saccharomyces boulardii), Serratiopeptidase enzyme; human, aquaculture and animal health applications",30–100,Dr. Ratna Sudha (Founder & CEO) — first-gen entrepreneur with R&D focus; award recipient for export and innovation,"Strong — Genome Valley manufacturing facility, WHO-GMP certified, DSIR-recognized R&D","Strong — Hyderabad HQ","Strong — DSIR-recognized R&D centre; proprietary strains; WHO-GMP certified; 'one of India's largest probiotic manufacturers'","Strong — Dr. Ratna Sudha is a scientist-founder; DSIR R&D recognition signals in-house research capability; received government entrepreneurship and innovation awards","Strong — probiotics market growing globally; India export opportunity; nutraceutical tailwind","Moderate — established since 2001; limited visible 2024 expansion signals but active website and export presence in multiple categories","Fit — scientist-founder, genuine manufacturer with DSIR recognition, differentiated probiotic strains; growth signals moderate but sector is strong","Dr. Ratna Sudha — first-gen scientist-entrepreneur, founded UBL in 2001 to make clinically documented probiotics affordable; DSIR-recognized R&D centre in Genome Valley",PASS
Lazuline Biotech Pvt Ltd,lazulinebio.com,Hyderabad (Banjara Hills),Specialty biotech / diagnostics — recombinant proteins,"Recombinant Human Serum Albumin (rHSA) expressed in Pichia pastoris; HIV/HCV/HBsAg antigens for diagnostic kit manufacturing; textile and research enzymes",<30,Prasad Kandimalla (Co-Founder) + N.S.N. Reddy (Co-Founder) — both scientist-led; BIRAC-funded,"Moderate — GMP-certified manufacturing plant in Hyderabad; cell culture lab at BioNeST/Hyderabad University; small scale (~44-60 employees)","Strong — Hyderabad HQ","Strong — rHSA in Pichia pastoris is a globally rare capability (most supply is blood-derived or from China); 200+ person-years of research effort cited; multiple patent filings","Strong — scientist co-founders with global research team collaboration; backed by BIRAC (government biotech funding)","Strong — biologics/biosimilars, China+1 for HSA supply, diagnostic antigen manufacturing all in secular growth mode","Moderate — cell culture lab collaboration (2020), BIRAC funding; limited public expansion news post-2022 but revenue growing ($4M in 2025 vs smaller earlier)","Fit with scale caveat — rare global capability in rHSA production; strong tech DM; but very small revenue and limited expansion visibility post-2022","One of very few companies globally producing rHSA in Pichia pastoris — a capability most biopharma companies are still importing from China or blood banks",PASS
Sanzyme Biologics Pvt Ltd,sanzymebiologics.com,Hyderabad (Banjara Hills + Gagan Pahad facility),Specialty biotech — fermentation/probiotics,"Proprietary probiotic strains: Bacillus coagulans SNZ 1969 (Sporlac), Bacillus clausii SNZ 1971, Saccharomyces boulardii SNZ 1986; aquaculture (Kenko) and poultry (Sanco) divisions",50–150,Raunak Jay Soman (MD, sister company Sanzyme Ltd.); promoter-led with deep fermentation DNA,"Strong — two independent manufacturing facilities in Hyderabad; combined 350,000L+ fermentation capacity; NSF certified","Strong — Hyderabad HQ and production","Strong — proprietary SNZ strain series; NSF certified; ISO 22000/14000/9001, GMP, Halal, Kosher, non-GMO; DSIR-recognized R&D units at Gagan Pahad & Kolture","Strong — promoter family has 50+ year biotech heritage; R&D Ministry recognition since 1976; founder-led scientific culture","Strong — probiotics B2B ingredients export to US/EU/Japan/Korea/ANZ; nutraceutical/aquaculture tailwind; China+1","Strong — Aqua Expo 2024 participation; active LinkedIn 2024; Vita Foods India presence; 40+ countries export; 350,000L capacity signals scale","Strong Fit — proprietary probiotic strain portfolio with verified global export; DSIR R&D recognition; classic founder-science to promoter-led model","One of the world's largest producers of aerobic spore-forming probiotics — Bacillus coagulans SNZ 1969 is the strain behind Sporlac, India's leading probiotic brand for 50 years",PASS
Neuland Laboratories Ltd,neulandlabs.com,Hyderabad (Bonthapally),Specialty pharma — complex APIs & CDMO,"Complex APIs: peptides, oncology APIs, HPAPIs (up to OEL Band 5); custom synthesis CDMO; solid-phase & liquid-phase peptide synthesis at commercial scale",300–500,Dr. Davuluri Rama Mohan Rao (Founder & Executive Vice Chairman) + Sucheth Davuluri (CEO/MD, gen-2) — IIT-educated family","Strong — 17-acre Bonthapally campus with USFDA/EU-GMP/PMDA-inspected facilities; commercial peptide block operational summer 2026","Strong — Hyderabad HQ","Strong — USFDA + EU-GMP + PMDA (Japan) approved; HPAPIs to Band 5 (very few Indian companies); peptide CDMO expanding","Strong — Dr. D.R.M. Rao (PhD chemistry, IIT); gen-2 Sucheth Davuluri is engineering-educated","Strong — HPAPI, peptide APIs in global growth mode; innovator pharma outsourcing; China+1 CDMO beneficiary","Strong — new commercial peptide block (Module 1, 6,370L capacity) opening summer 2026; USD 30M committed bookings; active press releases 2025-2026","Strong Fit — HPAPI + peptide CDMO is one of the most technically demanding pharmaceutical niches; IIT-founder, gen-2, USFDA approved, capacity expanding","Opening its first commercial peptide synthesis facility (Module 1, 6,370L) in summer 2026 with USD 30M in committed client bookings — one of very few Indian companies at this scale",PASS
Ananth Technologies Ltd,ananthtech.com,Hyderabad,Defence electronics / aerospace (Adjacent specialty),"Satellite systems, avionics, radar subsystems for ISRO and Indian defence; first private Indian company authorized for GSO satellite operations under IN-SPACe",100–300,Dr. Subba Rao Pavuluri (Founder, ex-ISRO) + Adithya Anand (gen-2 CEO),"Strong — in-house satellite integration and assembly facilities in Hyderabad","Strong — Hyderabad HQ","Strong — AS9100C certified; IN-SPACe authorized as India's first private GSO satellite operator","Strong — Dr. Subba Rao Pavuluri is ex-ISRO scientist; gen-2 leadership active","Strong — defence indigenization, IN-SPACe policy liberalization, space sector opening; PLI for electronics","Strong — 30% revenue growth FY24; Rs.900Cr order book; capacity expanding",Strong Fit — textbook Federer per assignment example; included as provided worked example,"First private Indian company authorized for GSO satellite operations under IN-SPACe — a regulatory milestone in India's space sector opening",PASS (Worked Example from Assignment)
Vimta Labs Ltd,vimta.com,Hyderabad,Specialty diagnostics & life-science tools — testing & analytical services (service company — fail),"Analytical testing, bioanalytical CRO, clinical trials, regulatory testing services; NOT a product manufacturer",100–300,"Harita Vasireddi (MD, daughter of founder); technical leadership",Fail — Vimta is a service company (CRO/analytical lab) NOT a manufacturer. They do not produce a physical product. Auto-disqualified.,Strong,Fail — service company not manufacturer,Strong — MD is technically trained,Moderate,Moderate,FAIL — Service company (CRO / testing lab). Explicitly listed as auto-disqualify in criteria. Despite being a Hyderabad technical company with promoter-led structure — they provide testing services not manufactured products.,"Auto-disqualify: CRO and analytical testing lab. Despite strong technical leadership and Hyderabad base — does not make a physical product.",FAIL
Clonz Biotech Pvt Ltd,clonzbiotech.com,Hyderabad,Specialty biotech — biosimilars / recombinant proteins,"Biosimilar monoclonal antibodies (mAbs); recombinant biologic drugs using mammalian cell culture; DSIR-recognized R&D centre; next-gen biosimilar development",30–100,S. Srinivas (Founder & CEO) — biotech scientist-founder background cited in multiple sources,"Strong — integrated mammalian cell culture manufacturing facility; DSIR R&D recognition","Strong — Hyderabad HQ, manufacturing in Hyderabad","Strong — DSIR-recognized R&D; mammalian cell culture capability for mAbs is rare in Indian mid-market; biosimilar development pipeline","Strong — scientist-founder; DSIR recognition requires demonstrated research capability; mammalian cell culture expertise is highly specialized","Strong — global biosimilars market growing at 25%+ CAGR; India as a biosimilar exporter is a policy priority","Moderate — founded 2010; DSIR-recognized R&D; limited recent press but website shows active pipeline","Fit — strong on technology differentiation and DSIR recognition; small revenue; biosimilars tailwind; scale caveat","DSIR-recognized biosimilar developer in Hyderabad with mammalian cell culture capability — one of very few Indian startups working on novel mAb biosimilars (not generic copies)",PASS
Avra Synthesis Pvt Ltd,avrasynthesis.com,Hyderabad,Custom synthesis & specialty chemicals — pharma intermediates,"Pharma intermediates and reference standards; custom organic synthesis; regulated chemical supply for APIs; ISO-certified chemistry facility",30–100,T.V. Rao (Founder) — organic chemistry background; founder-managed,"Strong — organic synthesis manufacturing facilities in Hyderabad; ISO-certified","Strong — Hyderabad HQ","Moderate — specialty synthesis and reference standards for regulated pharma; niche but not patent-protected technology per se; quality certifications as differentiator","Moderate — founder has chemistry background; limited public information on education pedigree","Strong — pharma intermediates supply, global CDMOs outsourcing synthesis; regulatory standards demand growing","Moderate — active on indiamart/export portals; website shows active catalogue 2024","Borderline — genuine specialty chemistry manufacturer; technical DM evidence is thin; differentiation is moderate; revenue uncertain","Custom synthesis of pharma intermediates and reference standards from Hyderabad — supplies regulated markets requiring ICH-grade chemical documentation",PASS (Borderline)
Virchow Biotech Pvt Ltd (ChemVeda / Covalent Labs),covalentlabs.com,Hyderabad,Custom synthesis & specialty chemicals,"Custom synthesis, medicinal chemistry services, process chemistry, API development",30–100,P. Ramprasad Reddy (Founder, ex-Reddy's) — strong chemistry industry heritage,"Moderate — contract synthesis manufacturing; mid-size lab/plant hybrid","Strong — Hyderabad HQ","Moderate — custom synthesis, not a product manufacturer per se; primarily a CDMO-like service","Strong — founder background in pharma chemistry; ex-DRL connection signals deep domain expertise","Strong — custom synthesis for global pharma, China+1 beneficiary","Moderate — active operations; website 2024; no major expansion news found","Borderline — strong chemistry pedigree; but leans service/CDMO; passes if they have owned synthesis capacity for product molecules","Custom synthesis CDMO with deep Hyderabad pharma ecosystem roots; targets global innovator pharma for NCE development chemistry",PASS (Borderline — verify product vs service split)
Everest Organics Ltd,everestorganics.net,Hyderabad,Custom synthesis & specialty chemicals — pharma intermediates,"Specialty organic chemicals and pharma intermediates; oncology and cardiovascular API intermediates; exports to US and Europe",100–300,Y. Venkateswara Rao (Founder & MD) — organic chemistry / pharmaceutical chemistry background,"Strong — ISO and US FDA inspected manufacturing in Hyderabad; in-house production","Strong — Hyderabad HQ","Moderate-Strong — exports to regulated US/EU markets; pharma intermediate specialization; quality-certifications as barrier","Moderate — founder has chemistry background; website lists long tenure; technical leadership inferred","Strong — pharma intermediates for global APIs; China+1 in specialty chemistry","Moderate — established company; no major 2024 expansion news found; active export operations","Fit — genuine manufacturer, export-grade chemistry, promoter-led; differentiation moderate (intermediates is competitive) but execution track record is strong","Supplies oncology and cardiovascular API intermediates to US and European customers — regulated supply chain with 20+ years export track record from Hyderabad",PASS
Aurobindo Pharma Limited,aurobindo.com,Hyderabad,Generic pharma — bulk APIs and branded generics (AUTO-DISQUALIFY — too large / generic),"Generic APIs, branded generics — antiretrovirals, antibiotics, CVS, CNS, GI products; global generics powerhouse","Way above 500Cr (Rs.31000Cr+)",K. Nityananda Reddy (Co-founder) — promoter-led at origin but now large-cap,Fail — too large (Rs.31000Cr+ revenue). Also generic/commodity pharma not specialty.,Strong,Fail — generic pharma is explicitly excluded,Strong,Strong,Strong,FAIL — Revenue Rs.31000Cr (60x above Rs.500Cr cap). Generic pharma explicitly excluded. Classic auto-disqualify on two counts.,"Auto-disqualify: Generic pharma + revenue way above Rs.500Cr ceiling",FAIL
Natco Pharma Ltd,natcopharma.co.in,Hyderabad,Generic pharma and agrochemicals (FAIL — revenue too large / generic),"Finished dosages, APIs, agrochemicals — includes complex generics (e.g., sorafenib, lenalidomide); niche generics strategy","Way above 500Cr (Rs.4784Cr)",VC Nannapaneni (Founder & Chairman) + Rajeev Nannapaneni (CEO),"Strong manufacturer",Strong,Fail — revenue Rs.4784Cr well above Rs.500Cr cap; also primarily generic pharma,Strong — founder is promoter,Strong,Moderate,FAIL — Revenue Rs.4784Cr (nearly 10x above Rs.500Cr cap). Even though Natco does complex generics — exceeds revenue ceiling and is generic pharma.,"Auto-disqualify: Revenue Rs.4784 Cr. Exceeds Rs.500Cr ceiling by 10x",FAIL
Laurus Labs Ltd,lauruslabs.com,Hyderabad,Complex APIs (FAIL — revenue too large),"Complex APIs (ARV, oncology), fermentation, specialty chemicals, CDMO","Way above 500Cr (Rs.6040Cr)",Satyanarayana Chava (Founder & CEO),"Strong manufacturer",Strong,Fail — revenue Rs.6040Cr is 12x above Rs.500Cr cap,Strong — IIT-educated founder,Strong,Strong,FAIL — Revenue Rs.6040Cr. Exceeds ceiling. Otherwise would be a strong fit on all other criteria.,"Auto-disqualify: Revenue Rs.6040 Cr.",FAIL
Gland Pharma Ltd,glandpharma.com,Hyderabad,Complex APIs / sterile injectables (FAIL — PE/foreign-owned),"Sterile injectable generics — vials, ampoules, pre-filled syringes, lyophilized products; 89+ SKUs across 15+ therapeutic areas",Above 500Cr,Shanghai Fosun Pharma (Parent) — not promoter-driven,"Strong manufacturer",Strong,Fail — owned by Shanghai Fosun Pharma (Chinese MNC); promoter-driven dynamics are absent; not founder-led Indian business,Fail — corporate parent not technical founder,Strong,Moderate,FAIL — Owned by Shanghai Fosun Pharma. Foreign-controlled; not promoter-driven Indian manufacturer. Auto-disqualify on ownership grounds.,"Auto-disqualify: Majority owned by Shanghai Fosun Pharma — no Indian founder/promoter decision-maker",FAIL
DIVI'S Laboratories Ltd,divislaboratories.com,Hyderabad,Custom synthesis & specialty pharma (FAIL — too large),"Custom synthesis of APIs and intermediates, nutraceuticals; generics",Above 500Cr (Rs.7000Cr+),Dr. Murali Krishna Divi (Founder) — promoter-led IIT scientist,Strong manufacturer,Strong,Fail — revenue >Rs.7000Cr well above ceiling,Strong,Strong,Moderate,FAIL — Revenue Rs.7000Cr+. Exceeds Rs.500Cr cap significantly. Promoter IIT-founder is otherwise a perfect Federer signal.,"Auto-disqualify: Revenue Rs.7000Cr+",FAIL
Vijaya Diagnostic Centre Ltd,vijayadiagnostic.com,Hyderabad,Diagnostics (FAIL — service company),"Clinical diagnostic testing services — radiology, pathology, imaging; chain of labs","Above target (Rs.1000Cr+)",S. Surendranath Reddy (Founder) — promoter,Fail — diagnostic chain is a pure service company. Does not manufacture a physical product.,Strong,Fail — service company (lab chain),Moderate,Strong,Strong,FAIL — Diagnostic services company. Does not manufacture products. Auto-disqualify.,"Auto-disqualify: Diagnostic services lab chain — not a manufacturer",FAIL
Indian Immunologicals Ltd (IIL),indimmune.com,Hyderabad (Genome Valley),"Specialty biotech — veterinary biologics, vaccines","Veterinary vaccines (foot-and-mouth disease, rabies, etc.); human vaccines (rabies, chickenpox, typhoid, Japanese encephalitis); animal health biologics; fermentation",100–300,"Dr. Manohar Reddy / senior leadership of NDDB subsidiary (National Dairy Development Board-owned). Professional mgmt rather than founder-promoter",Strong — Genome Valley manufacturing; advanced bioreactors; USFDA and international quality standards,Strong — Hyderabad HQ,Strong — both veterinary and human vaccine capability; FMDV vaccine national monopoly; highly differentiated product portfolio,Moderate — technically capable professional management but NDDB (government cooperative) ownership means not promoter-driven,Strong — animal health biologics growing; PLI for vaccines; FMD vaccine strategic importance,Strong — actively hiring 2024; Miltenyi CGT collaboration in Genome Valley 2024,FAIL (ownership) — otherwise strong fit on C1-C3 and C5-C6; however NDDB (government cooperative) is majority owner. Decision-maker is not a founder-promoter. This fails the Federer test.,"FAIL: Government cooperative (NDDB) owned. Not promoter-driven despite world-class biologics capability.",FAIL
Bharat Biotech International Ltd,bharatbiotech.com,Hyderabad (Genome Valley),"Specialty biotech — vaccines, biologics (FAIL — too large / size caveat)","Covaxin, Rotavac, TypbarTCV, JE vaccine (Jenvac); global vaccine manufacturer","Way above 500Cr (Rs.8148Cr FY22; likely lower post-COVID but still large)",Dr. Krishna Ella (Founder & Chairman) — scientist-founder PhD; IIT pedigree,Strong manufacturer,Strong,Fail — revenue above Rs.500Cr cap (significantly above in FY22 peak; even at 50% decline still ~Rs.4000Cr),Strong — Dr. Krishna Ella is PhD scientist-founder,Strong,Strong,FAIL — Revenue well above Rs.500Cr even in a down year post-COVID. Dr. Krishna Ella is otherwise the archetypal Federer founder (scientist, first-gen, IIT PhD). Noted as a fail purely on size.,"Auto-disqualify: Revenue above Rs.500Cr ceiling. Ideal Federer profile on all other dimensions.",FAIL
Biological E. Limited,biologicale.com,Hyderabad,"Vaccines, injectables, specialty generics (FAIL — too large / scale)","Branded formulations, specialty generic injectables, vaccines (Corbevax — first locally-developed COVID-19 vaccine); established since 1953","Above 500Cr",Mahima Datla (MD) — gen-3 family-owned business,Strong manufacturer,Strong,Fail — revenue above Rs.500Cr,Strong — gen-3 technically capable family management,Strong,Strong,FAIL — Revenue above Rs.500Cr ceiling. Family-owned and founder-descended which is a positive Federer signal but size disqualifies.,"Auto-disqualify: Revenue above Rs.500Cr",FAIL
Divi's Nutraceuticals (Divi's Laboratories subsidiary),divislaboratories.com/nutraceuticals,Hyderabad,Specialty food & nutraceutical ingredients — carotenoids & vitamins (FAIL — subsidiary of large group),"Carotenoids (beta-carotene, astaxanthin, lycopene), Vitamin D3; bulk nutraceutical ingredients for pharma and food",Part of Divi's Labs (Rs.7000Cr group),Dr. Murali Krishna Divi's group,Strong manufacturer,Strong,Fail — subsidiary of Divi's Labs (large parent). Auto-disqualify: subsidiary of a large group.,Strong,Strong,Strong,FAIL — Subsidiary of Divi's Laboratories. Auto-disqualify rule applies even though the technology is genuinely differentiated.,"Auto-disqualify: Subsidiary of Divi's Laboratories (Rs.7000Cr company)",FAIL
Novopor Advanced Science Pvt Ltd,novopor.com,Hyderabad (Vizag pilot + Hyderabad operations),Performance chemicals — polymer additives & specialty materials,"Specialty chemicals — polymer additives, advanced materials; inaugurated pilot facility in Vizag Sept 2025; won CII AP Industrial Safety Bronze Award 2025",<30 (early stage/startup),Founder details not fully public (startup stage),Moderate — pilot facility just inaugurated Sept 2025; manufacturing at early stage,Strong — Hyderabad HQ with Vizag expansion,Moderate — specialty polymer additives is differentiated but company is too early-stage to verify deep technical moat,Unknown — founder info not public yet,Strong — specialty polymers/composites growing with EV, electronics, defence tailwinds,Moderate — very active in 2024-2025 (CII award, pilot facility); startup energy is there but too early for DeepThought's revenue range,Borderline/Too Early — interesting startup signal but revenue almost certainly <Rs.30Cr; needs re-evaluation in 12-18 months. Research note: watch this company.,"Inaugurated India's first pilot facility for specialty polymer additives in Vizag (Sept 2025); won CII AP Safety Award 2025 — early-stage but worth tracking",BORDERLINE (too small — revisit 2026)
Sai Life Sciences Ltd,sailife.com,Hyderabad (CDMO),Complex APIs / CDMO (FAIL — CDMO service company),"Contract research and development for small molecule NCEs; 300+ global innovator pharma clients; not a product manufacturer",300–500 (Rs.1500Cr+ post-IPO),Krishna Kanumuri (CEO & MD) — professional management; CRDMO,Fail — CRDMO is primarily a service company (contract research + manufacturing for others). Does not own products. Auto-disqualify.,Strong,Fail — service CDMO not a manufacturer of owned products,Moderate,Strong,Strong,FAIL — Sai Life Sciences is a CDMO/CRDMO: they manufacture APIs for other companies' molecules — they do not have their own products. Same auto-disqualify category as CROs/service labs.,"Auto-disqualify: CRDMO (contract research and manufacturing) — sells services to innovators, does not manufacture its own product",FAIL
Aragen Life Sciences (formerly GVK Biosciences),aragen.com,Hyderabad,CRO/CRDMO (FAIL — service company + PE-owned),"Contract research, drug discovery services, chemistry services for global pharma; 300+ clients",Above 500Cr (Rs.5000Cr+ post $1.4B valuation),"Professional management; Quadria Capital (PE) raised $100M in 2025 at $1.4B valuation — majority PE-owned",Fail — CRO/CRDMO service company. Also PE-backed at significant stake.,Strong,Fail — service company + PE-controlled,Moderate,Strong,Strong,FAIL — Two auto-disqualifiers: (1) CRDMO service company, (2) PE fund Quadria Capital raised $100M in 2025 signaling significant institutional ownership.,"Auto-disqualify: (1) Service CRO — not a product manufacturer. (2) PE-backed (Quadria Capital $100M in 2025)",FAIL
Dr. Ratna Sudha's Unique Biotech — Reference Entry for Methodology Note,N/A,N/A,N/A,Research Note: Multiple Hyderabad companies in diagnostics (Sapien Biosciences) and sensors (SciSparc / TechnoScientific) were investigated but either lack verifiable revenue/manufacturer status or are pre-revenue. Full investigation list is in methodology doc.,N/A,N/A,N/A,N/A,N/A,N/A,N/A,N/A,RESEARCH NOTE — see methodology,Methodology note only,RESEARCH NOTE
